Method;Job;AnalyzeLaunchVariance;EvaluateOverhead;MaxAbsoluteError;MaxRelativeError;MinInvokeCount;MinIterationTime;OutlierMode;Affinity;EnvironmentVariables;Jit;LargeAddressAware;Platform;PowerPlanMode;Runtime;AllowVeryLargeObjects;Concurrent;CpuGroups;Force;HeapAffinitizeMask;HeapCount;NoAffinitize;RetainVm;Server;Arguments;BuildConfiguration;Clock;EngineFactory;NuGetReferences;Toolchain;IsMutator;InvocationCount;IterationCount;IterationTime;LaunchCount;MaxIterationCount;MaxWarmupIterationCount;MemoryRandomization;MinIterationCount;MinWarmupIterationCount;RunStrategy;UnrollFactor;WarmupCount;NumberOfDrivers;Mean;Error;StdDev;Median;Ratio;RatioSD;Rank;Gen0;Allocated;Alloc Ratio
SortAlg;DefaultJob;False;Default;Default;Default;Default;Default;Default;11111111;Empty;RyuJit;Default;X64;8c5e7fda-e8bf-4a96-9a85-a6e23a8c635c;.NET 6.0;False;True;False;True;Default;Default;False;False;False;Default;Default;Default;Default;Default;Default;Default;Default;Default;Default;Default;Default;Default;Default;Default;Default;Default;16;Default;100;3.961 μs;0.1046 μs;0.3084 μs;3.784 μs;1.01;0.11;1;0.2365;1000 B;1.00
IncrAlg;DefaultJob;False;Default;Default;Default;Default;Default;Default;11111111;Empty;RyuJit;Default;X64;8c5e7fda-e8bf-4a96-9a85-a6e23a8c635c;.NET 6.0;False;True;False;True;Default;Default;False;False;False;Default;Default;Default;Default;Default;Default;Default;Default;Default;Default;Default;Default;Default;Default;Default;Default;Default;16;Default;100;5.870 μs;0.1671 μs;0.4433 μs;5.944 μs;1.49;0.16;2;0.3128;1320 B;1.32
HeapAlg;DefaultJob;False;Default;Default;Default;Default;Default;Default;11111111;Empty;RyuJit;Default;X64;8c5e7fda-e8bf-4a96-9a85-a6e23a8c635c;.NET 6.0;False;True;False;True;Default;Default;False;False;False;Default;Default;Default;Default;Default;Default;Default;Default;Default;Default;Default;Default;Default;Default;Default;Default;Default;16;Default;100;14.581 μs;0.4102 μs;1.2094 μs;14.225 μs;3.70;0.42;3;3.8452;16128 B;16.13
IncrAlg;DefaultJob;False;Default;Default;Default;Default;Default;Default;11111111;Empty;RyuJit;Default;X64;8c5e7fda-e8bf-4a96-9a85-a6e23a8c635c;.NET 6.0;False;True;False;True;Default;Default;False;False;False;Default;Default;Default;Default;Default;Default;Default;Default;Default;Default;Default;Default;Default;Default;Default;Default;Default;16;Default;1000;51.749 μs;1.7111 μs;5.0451 μs;53.401 μs;0.49;0.06;1;0.4883;2088 B;0.25
SortAlg;DefaultJob;False;Default;Default;Default;Default;Default;Default;11111111;Empty;RyuJit;Default;X64;8c5e7fda-e8bf-4a96-9a85-a6e23a8c635c;.NET 6.0;False;True;False;True;Default;Default;False;False;False;Default;Default;Default;Default;Default;Default;Default;Default;Default;Default;Default;Default;Default;Default;Default;Default;Default;16;Default;1000;106.764 μs;2.9279 μs;8.6331 μs;107.378 μs;1.01;0.12;2;1.9531;8200 B;1.00
HeapAlg;DefaultJob;False;Default;Default;Default;Default;Default;Default;11111111;Empty;RyuJit;Default;X64;8c5e7fda-e8bf-4a96-9a85-a6e23a8c635c;.NET 6.0;False;True;False;True;Default;Default;False;False;False;Default;Default;Default;Default;Default;Default;Default;Default;Default;Default;Default;Default;Default;Default;Default;Default;Default;16;Default;1000;159.695 μs;7.2713 μs;21.2107 μs;149.452 μs;1.51;0.24;3;36.3770;153096 B;18.67
IncrAlg;DefaultJob;False;Default;Default;Default;Default;Default;Default;11111111;Empty;RyuJit;Default;X64;8c5e7fda-e8bf-4a96-9a85-a6e23a8c635c;.NET 6.0;False;True;False;True;Default;Default;False;False;False;Default;Default;Default;Default;Default;Default;Default;Default;Default;Default;Default;Default;Default;Default;Default;Default;Default;16;Default;10000;510.689 μs;10.1604 μs;23.7496 μs;523.714 μs;0.39;0.03;1;0.0000;2376 B;0.03
HeapAlg;DefaultJob;False;Default;Default;Default;Default;Default;Default;11111111;Empty;RyuJit;Default;X64;8c5e7fda-e8bf-4a96-9a85-a6e23a8c635c;.NET 6.0;False;True;False;True;Default;Default;False;False;False;Default;Default;Default;Default;Default;Default;Default;Default;Default;Default;Default;Default;Default;Default;Default;Default;Default;16;Default;10000;"1,280.641 μs";31.5555 μs;92.0490 μs;"1,323.276 μs";0.97;0.10;2;363.2813;1521768 B;18.97
SortAlg;DefaultJob;False;Default;Default;Default;Default;Default;Default;11111111;Empty;RyuJit;Default;X64;8c5e7fda-e8bf-4a96-9a85-a6e23a8c635c;.NET 6.0;False;True;False;True;Default;Default;False;False;False;Default;Default;Default;Default;Default;Default;Default;Default;Default;Default;Default;Default;Default;Default;Default;Default;Default;16;Default;10000;"1,327.217 μs";32.9506 μs;90.2018 μs;"1,361.580 μs";1.00;0.10;2;17.5781;80200 B;1.00
